JCB.csv:Emmanuelle,Mercier,Biarritz,France,2017,JavaScript
JCB.csv:Thierry,Alexandre,Biarritz,France,2017,JavaScript
JCB.csv:Édith,Turpin,Biarritz,France,2017,JavaScript
JCB.csv:Chantal,Caron,Biarritz,France,2017,JavaScript
JCB.csv:Pénélope,Paris,Biarritz,France,2017,JavaScript
JCB.csv:Christelle,Vallet,Biarritz,France,2017,JavaScript
JCB.csv:Daniel,Roy,Biarritz,France,2017,JavaScript
JCB.csv:Théodore,Regnier,Biarritz,France,2018,JavaScript
JCB.csv:Benjamin,Tanguy,Biarritz,France,2018,JavaScript
JCB.csv:Arthur,Bruneau,Biarritz,France,2018,JavaScript
JCB.csv:Sébastien,Ferreira,Biarritz,France,2018,JavaScript
JCB.csv:Charlotte,Roche,Biarritz,France,2018,JavaScript
JCB.csv:Colette,Bouvier,Biarritz,France,2018,JavaScript
JCB.csv:Alfred,"Da Silva",Biarritz,France,2018,JavaScript
JCB.csv:Vincent,Sanchez,Biarritz,France,2019,JavaScript
JCB.csv:Yves,Marie,Biarritz,France,2019,JavaScript
JCB.csv:Alphonse,Leleu,Biarritz,France,2019,JavaScript
JCB.csv:Laurence,Lemaire,Biarritz,France,2019,JavaScript
JCB.csv:Marcel,Olivier,Biarritz,France,2019,JavaScript
JCB.csv:Victor,Lopez,Biarritz,France,2019,JavaScript
JCB.csv:Michel,David,Biarritz,France,2019,JavaScript
JCB.csv:Théodore,Bousquet,Biarritz,France,2019,JavaScript
JCB.csv:Andrée,Berthelot,Biarritz,France,2019,JavaScript
JCB.csv:Léon,Jacquet,Biarritz,France,2019,JavaScript
JCB.csv:Laetitia,Schneider,Biarritz,France,2019,JavaScript
JCB.csv:Thérèse,Guyot,Biarritz,France,2019,JavaScript
JCT.csv:Agathe,Bazin,Toulouse,France,2017,JavaScript
JCT.csv:Maurice,Munoz,Toulouse,France,2017,JavaScript
JCT.csv:Michèle,Traore,Toulouse,France,2017,JavaScript
JCT.csv:Aurélie,Becker,Toulouse,France,2018,JavaScript
JCT.csv:Timothée,Henry,Toulouse,France,2018,JavaScript
JCT.csv:Théodore,Gerard,Toulouse,France,2018,JavaScript
JCT.csv:Maryse,Allain,Toulouse,France,2018,JavaScript
JCT.csv:Philippe,Paris,Toulouse,France,2018,JavaScript
JCT.csv:Henri,Guilbert,Toulouse,France,2018,JavaScript
JCT.csv:Olivier,Dufour,Toulouse,France,2018,JavaScript
JCT.csv:Alexandre,"Da Silva",Toulouse,France,2019,JavaScript
JCT.csv:Mathilde,Descamps,Toulouse,France,2019,JavaScript
JCT.csv:Céline,Fabre,Toulouse,France,2019,JavaScript
JCT.csv:Raymond,Bouvet,Toulouse,France,2019,JavaScript
JCT.csv:Danielle,Lecomte,Toulouse,France,2019,JavaScript
JCT.csv:Noël,Noel,Toulouse,France,2019,JavaScript
JCT.csv:Danielle,Perrin,Toulouse,France,2019,JavaScript
JCT.csv:Éric,Meunier,Toulouse,France,2019,JavaScript
JCT.csv:Claude,Samson,Toulouse,France,2019,JavaScript
